{
  "products": [
    {
      "id": 0,
      "name": "i-Phone",
      "cost": "Rs. 50,000",
      "image": "https://encrypted-tbn0.gstatic.com/images?q=tbn:ANd9GcQtqyD_ROtLD89j9pxUsAwxn1rL_mCt18OrGg&usqp=CAU"
    },
    {
      "id": 1,
      "name": "Apple-Watch",
      "cost": "Rs. 10,000",
      "image": "https://encrypted-tbn0.gstatic.com/images?q=tbn:ANd9GcTbqN1lFBIQOXBOC4riaUJniaNLrGgT8QE4Tw&usqp=CAU"
    },
    {
      "id": 2,
      "name": "Mac-book",
      "cost": "Rs. 90,000",
      "image": "https://cdn.mos.cms.futurecdn.net/uWjEogFLUTBc8mSvagdiuP.jpg"
    },
    {
      "id": 3,
      "name": "i-Pad",
      "cost": "Rs. 70,000",
      "image": "https://encrypted-tbn0.gstatic.com/images?q=tbn:ANd9GcRuxBG6pX8BKHxnlZIjBfhmU_S7ct4L0Ok4AA&usqp=CAU"
    },
    {
      "id": 4,
      "name": "Air-pods",
      "cost": "Rs. 15,000",
      "image": "https://encrypted-tbn0.gstatic.com/images?q=tbn:ANd9GcQRLW--JcHm5zs3r0Mo5olpm9ucC_mdUCGqUw&usqp=CAU"
    }
  ]
}